{"schemaVersion":"1.0","appDefinitionTemplate":{"id":"/providers/Microsoft.PowerApps/apps/","type":"Microsoft.PowerApps/apps","tags":{"primaryDeviceWidth":"1366","primaryDeviceHeight":"768","sienaVersion":"20200613T143111Z-3.20061.27.0","deviceCapabilities":"","supportsPortrait":"true","supportsLandscape":"true","primaryFormFactor":"Tablet","publisherVersion":"3.20061.27","minimumRequiredApiVersion":"2.2.0","hasComponent":"true","hasUnlockedComponent":"true","isUnifiedRootApp":"false"},"properties":{"appVersion":"2020-06-13T14:31:11Z","lifeCycleId":"Published","createdByClientVersion":{"major":3,"minor":20061,"build":27,"revision":0,"majorRevision":0,"minorRevision":0},"minClientVersion":{"major":3,"minor":20061,"build":27,"revision":0,"majorRevision":0,"minorRevision":0},"backgroundColor":"rgba(0, 176, 240, 1)","backgroundImageUri":"/7749568524194571851/N20b889ac-789f-4a0a-afe3-462113f21a7c-logoSmallFile","displayName":"Application menu","description":"","commitMessage":"","appUris":{"documentUri":{"value":"/7749568524194571851/Nef8496da-fe13-495b-b2bc-de8af7dff219-document.msapp","readonlyValue":"/7749568524194571851/Nef8496da-fe13-495b-b2bc-de8af7dff219-document.msapp"},"imageUris":[]},"createdTime":"0001-01-01T00:00:00Z","lastModifiedTime":"0001-01-01T00:00:00Z","sharedGroupsCount":0,"sharedUsersCount":0,"icons":{"smallIconUri":"/7749568524194571851/Nb9b75e2e-40c7-48b1-bb88-d4725d5afbdf-small.png","mediumIconUri":"/7749568524194571851/N3ef59513-9418-4e52-bf90-7165645d2739-medium.png","largeIconUri":"/7749568524194571851/Nc0c22a25-b5c4-4d95-a317-117219d7a045-large.png","wideIconUri":"/7749568524194571851/N61f7fad4-3ae0-4492-b88a-d6aee556184d-wide.png"},"connectionReferences":{"95200d9a-6012-44bd-8104-46edfd931349":{"id":"4ebe57ec-7955-4718-aaee-6994a6938ed6","displayName":"Microsoft To-Do (usage professionnel)","iconUri":"https://connectoricons-prod.azureedge.net/todo/icon_1.0.1343.1989.png","dataSources":["MicrosoftTo-Do(usageprofessionnel)"],"dependencies":[],"dependents":[],"parameterHints":{},"isOnPremiseConnection":false,"bypassConsent":false,"dataSets":{},"apiTier":"Standard","isCustomApiConnection":false},"cf1ed8ef-239a-40b0-af99-a09e7ec80f5d":{"id":"30fd3aa9-f8c2-4d2a-92dd-da41d08d4ca4","displayName":"Utilisateurs d'Office 365","iconUri":"https://connectoricons-prod.azureedge.net/office365users/icon_1.0.1357.2029.png","dataSources":["Utilisateursd'Office365"],"dependencies":[],"dependents":[],"parameterHints":{},"isOnPremiseConnection":false,"bypassConsent":false,"dataSets":{},"apiTier":"Standard","isCustomApiConnection":false}},"databaseReferences":{},"almMode":"Environment","performanceOptimizationEnabled":true,"canConsumeAppPass":true},"isAppComponentLibrary":false,"appType":"ClassicCanvasApp","appComponents":[]}}